,TO,FROM,NET
CL=F,1.0,1.1181503811429576,-0.11815038114295762
EURUSD=X,0.9999999999999999,0.9903348671346699,0.009665132865329995
GC=F,1.0,1.0090475651749782,-0.009047565174978178
^GSPC,0.9999999999999999,0.8824671865473942,0.11753281345260569
