Mean Spillover,Max Spillover,Min Spillover,Std Dev
6.723215174786475,28.69570215921887,0.4675836760076879,5.07537937949392
